idx,mu0,mu1,fom_time_s,rom_time_s,podnn_time_s,rom_rel_l2_u,podnn_rel_l2_u,rom_rel_l2_p,podnn_rel_l2_p,rom_rel_h1_u,podnn_rel_h1_u,pinn_time_s,pinn_rel_l2_u,pinn_rel_l2_p,pinn_rel_h1_u
0,7.762164880704037,1.8777568795041046,0.11192011833190918,0.008853912353515625,0.002056121826171875,0.004934224289339186,0.08219509516071015,0.0051561784943724995,0.022499923132042497,0.009169347733344532,0.10039397281781115,0.018439292907714844,0.9967239549349747,1.0179048114452809,1.0082986992066194
1,8.600119407122687,2.3947360581187276,0.0863800048828125,0.005207061767578125,0.00040984153747558594,0.0052778491767807535,0.07039382457550426,0.002243284425274801,0.013350844801755288,0.005992158852403801,0.09207103401435635,0.019550085067749023,1.0154350615049645,1.0024329904946587,1.0261649265426354
2,1.0323557440877305,2.951244703273512,0.13267016410827637,0.007930994033813477,0.0002810955047607422,0.012195690799409775,0.030652179802805733,0.005710600985214032,0.03800667445894972,0.012545870910007492,0.02207444982963627,0.021094799041748047,0.9998027664092205,1.0035434593459696,1.000350836093318
3,7.635283049704495,2.5721286105539076,0.08434581756591797,0.005230903625488281,0.00026702880859375,0.016542836140790523,0.09436540516387472,0.00232321890901733,0.012886486086476731,0.014191586393857569,0.12437365722186706,0.017342329025268555,1.0116956575390188,1.0043534810416945,1.0226836529574606
4,1.3683249634879042,1.9007718757911343,0.0850071907043457,0.005479097366333008,0.0002608299255371094,0.0037867525793984324,0.016137918783569377,0.0022039409787465237,0.014508721699458778,0.007313864430093472,0.02305655965106757,0.0200350284576416,0.9989288089880081,1.0233702845689165,0.9992718331109914
5,3.7709004399025545,2.8535299776972036,0.16335797309875488,0.006632804870605469,0.00031828880310058594,0.022478731955994983,0.03953104180916287,0.0033989867247524235,0.008126031340482428,0.023427037581747547,0.04044920845650015,0.01831674575805664,1.0016874851591677,1.003653630421097,1.0050841223200477
6,6.474264688798579,2.64552322654166,0.08531403541564941,0.005321979522705078,0.00026488304138183594,0.0245331059426864,0.04490887978632082,0.0027090996044244896,0.008424921692429943,0.019489698538960865,0.049144580846320784,0.01786518096923828,1.0071796365112209,1.0042919886432815,1.0153209348628178
7,4.489800568390578,1.4544774435695538,0.08813214302062988,0.005220174789428711,0.00024700164794921875,0.008099211618085652,0.016267021296513577,0.008005932792728229,0.017063439718872697,0.015161938195596402,0.03184684683767174,0.019359111785888672,0.9971391178474022,1.0012239995620607,1.0072378825412378
8,5.590389391456765,1.1276345122083506,0.08526396751403809,0.005125284194946289,0.00023889541625976562,0.004121734140531741,0.033330811899356036,0.01070476348684094,0.0557211472527849,0.009253534930922524,0.05879177361611593,0.01691913604736328,1.0025249993842433,1.014214312578849,1.0451262257709655
9,8.293548602726563,2.26332879824413,0.08421683311462402,0.005222797393798828,0.00023984909057617188,0.012618131280023604,0.07336106741171879,0.012216618070309925,0.012635579766397774,0.015326524876597544,0.09963358304189877,0.015043020248413086,1.0194426657492994,1.0027293363521093,1.0347172250875207
10,7.605068626845201,1.7090519362597367,0.08844518661499023,0.005093812942504883,0.00024318695068359375,0.008654205816790671,0.037077652478571636,0.005324528256538928,0.020775081747083975,0.010303791167303143,0.05383675249180992,0.015346765518188477,0.9926955173688471,1.00422396994481,1.0130950702874943
11,9.709910441509543,2.7862422426443954,0.08889508247375488,0.006302833557128906,0.00023865699768066406,0.017496616846398746,0.13944428342268927,0.004454645833818695,0.019343689766941907,0.016581725544789955,0.17831303113436062,0.01676201820373535,1.0121326800654566,1.002737192271262,1.02343246754118
12,7.805996621030243,1.3892774157039351,0.09471988677978516,0.005066871643066406,0.0002460479736328125,0.005685322808278009,0.045828758656190745,0.007851898325381966,0.02410891017908677,0.011116350974759262,0.060159998936211656,0.015301227569580078,0.9995779118964071,1.0075111136766757,1.0343861774789964
13,4.720537936897639,1.0876075315744576,0.07053899765014648,0.005137205123901367,0.0004329681396484375,0.0038941850631793676,0.045905629210686756,0.007075592250018486,0.03716794328407159,0.011021831905593433,0.07958798087520415,0.017715930938720703,1.00218788870248,1.0132405750896678,1.040009458530115
14,1.6274659714687236,2.3660979064849093,0.0887899398803711,0.005509138107299805,0.0002779960632324219,0.006116993513228809,0.02762317656274186,0.00500556163450125,0.007231049852592828,0.008361271180320613,0.03150432601722286,0.01762676239013672,1.0009158356125372,1.0027326736008997,1.0012707025526084
15,7.47314534348739,2.93501946486842,0.08127593994140625,0.005320310592651367,0.00025177001953125,0.02189605033113281,0.13028461818646897,0.007729100900037645,0.03235794918910527,0.02104386856170023,0.09799032637080524,0.017296314239501953,1.005018998597404,1.0035033503200483,1.0130034682597098
16,3.3256710455677045,1.7409194120697378,0.08974695205688477,0.005336761474609375,0.00023794174194335938,0.011138868237787303,0.016187752929011676,0.0037674329439287015,0.010853178425412443,0.013259092806730112,0.03042757160511229,0.015485048294067383,0.9946189532610029,1.0072006365193606,0.9968705234073916
17,4.748602531630499,1.3789427181685714,0.08939814567565918,0.0053937435150146484,0.00023603439331054688,0.006762955369036557,0.0309421631212973,0.007752864625730089,0.017113410066926394,0.011866917471688502,0.03916250070353509,0.015264034271240234,0.9976951768015473,1.0087268279520156,1.0107020641282412
18,1.3862229028211692,1.9514098524518675,0.12300610542297363,0.005550861358642578,0.00023508071899414062,0.004027266513037812,0.014635205389012742,0.008773970394479594,0.03528323229234871,0.00767860660669258,0.022443803853768384,0.01809096336364746,0.9996981948964958,1.0415496472468528,1.0002049004251397
19,2.3464025556037527,2.3396279893650207,0.08415818214416504,0.005477190017700195,0.0002510547637939453,0.007359773102277064,0.026136868267485142,0.0020930853459572496,0.0031936375126089965,0.012077494692954686,0.029078965941520728,0.017726898193359375,1.0019846243089539,1.0027235362431637,1.0029649457164673
20,4.427803996836074,2.665356392115675,0.0851430892944336,0.005527973175048828,0.00023484230041503906,0.021745334881531502,0.03484075317823523,0.0025580823895151373,0.004552271463318244,0.017667536026342055,0.03763934644283473,0.016408920288085938,1.0031881583086786,1.0040254891737843,1.00732771493348
21,7.032624509822266,1.6247332827640821,0.24398589134216309,0.005964756011962891,0.00025391578674316406,0.005282080214374155,0.04733912521734544,0.004419382269049924,0.022932422135258205,0.009793611566730576,0.06238676084980338,0.019373655319213867,0.995256788563957,0.9977361375571686,1.0162922687846163
22,8.339372033812491,2.609528714993604,0.08992791175842285,0.005280017852783203,0.00023484230041503906,0.023617109071200237,0.10228053750455585,0.002269352788422823,0.012630677689588032,0.019549280614858555,0.13138903928656712,0.0188143253326416,1.0129399376364723,1.004493510116455,1.025618088420425
23,3.9360359523987274,1.5766562078604882,0.08634090423583984,0.005197048187255859,0.00023603439331054688,0.010608476330883928,0.02462874482053067,0.004248932822364375,0.012441331022391842,0.015489750119659503,0.034819325976494384,0.015503883361816406,0.9964828123231448,0.9963722789038638,1.0025665831764041
24,6.856705489352257,1.2795049672186196,0.0887911319732666,0.00516200065612793,0.00023603439331054688,0.015530212476584133,0.029906285265955772,0.008294730234012193,0.024044237904148093,0.025532812483625253,0.07069040794498059,0.01623988151550293,1.00072158785481,1.014584780650373,1.0358912746940723
25,2.0790912045035723,1.014724539502011,0.07291483879089355,0.005032777786254883,0.00023508071899414062,0.016044092724005376,0.055534253790577325,0.01275993353464809,0.08806638420653745,0.03769261257056112,0.09509219042633033,0.01618790626525879,1.0002540952668284,1.0094793228297285,1.012476505639693
26,7.89055133727117,2.3297017131840643,0.08788609504699707,0.005095958709716797,0.00023293495178222656,0.007914498204213988,0.06228679804791421,0.0019370406403069961,0.00856970258413055,0.01323163223738195,0.08413525809368279,0.016392946243286133,1.015340446688544,1.0025098534992698,1.0266289627339877
27,7.081137248400718,2.561458062043936,0.10250997543334961,0.006190776824951172,0.00023508071899414062,0.014037079906223798,0.07235872498635658,0.0026385274785109335,0.011356806359724244,0.012007318853364117,0.09965257555025989,0.0175631046295166,1.0102991380694983,1.0042819099662181,1.0199800286867602
28,4.643266177829566,2.1374823919057873,0.08869409561157227,0.00556492805480957,0.00023508071899414062,0.012451580594245323,0.019462264618189548,0.011251195684129148,0.011407753602575323,0.016412969747793757,0.023084174258977092,0.017869949340820312,1.0082923171441944,0.9988774019520522,1.0151307310824031
29,1.4839902814638088,1.2290601470719469,0.21916890144348145,0.0067861080169677734,0.00023174285888671875,0.014668250601221039,0.01779449032569763,0.006285648739697436,0.028653394415056238,0.026181820826791886,0.042516174540158644,0.01804518699645996,0.9991226287992273,1.0159745464558403,1.0007883284930463
30,6.7171893217256695,1.942192412286265,0.07998180389404297,0.005154848098754883,0.00023508071899414062,0.003919552060240512,0.050411494752779125,0.019116994158630666,0.024067405030598166,0.007444529259320968,0.06105132599598582,0.016252994537353516,1.0008586534026658,1.0344074470218496,1.0090390022685738
31,5.69583745416377,2.529997714832051,0.08414793014526367,0.006087064743041992,0.00023293495178222656,0.007602581061831041,0.06127312240825769,0.0035661762229470748,0.004773159128438945,0.0066922346347929405,0.0785475753922899,0.01684403419494629,1.0070561705221055,1.0040048784178506,1.013580177970578
32,6.383711368005849,2.1071588013159914,0.07128500938415527,0.005239009857177734,0.0002338886260986328,0.009846556973176825,0.056380043101824234,0.002919478953177472,0.01972182208472643,0.014256948922717585,0.0660833336475277,0.015079259872436523,1.011250249683525,0.9991311900079881,1.0219500693527177
33,5.636150891379594,1.6079001961252244,0.08653426170349121,0.005342006683349609,0.0002570152282714844,0.007344859311879894,0.04268192692661104,0.00399295402941642,0.017685993611238855,0.011830947891594425,0.052184508380948506,0.018500328063964844,0.9955386936610806,0.9970224474493643,1.0088096249376886
34,0.40509656222260015,1.8734347784647247,0.11360311508178711,0.0052967071533203125,0.0002720355987548828,0.003924179917562526,0.05536567248409417,0.055477964058089316,0.07453678718103139,0.008144681210233854,0.06275764140118474,0.01570296287536621,0.9995253901139818,1.0206581922143638,0.9995131153014064
35,2.224388260913339,1.8170572874492723,0.08308601379394531,0.0054128170013427734,0.0002512931823730469,0.009570353600863692,0.016760579556736738,0.0028404103478095167,0.009706891831238743,0.014178241943459523,0.02384063913689362,0.01563405990600586,0.9965688822225921,1.01280958324622,0.9973156844503119
36,8.548690425354845,1.4678789717306815,0.08727812767028809,0.0050008296966552734,0.00024819374084472656,0.009463337512969357,0.06655789918815858,0.008070594364287436,0.031129715456589272,0.016499019049235508,0.10065996224808063,0.016696929931640625,0.9991292639109031,1.0001239534181898,1.0365188368495062
37,0.6771971427217536,1.562767784043993,0.1264328956604004,0.005767107009887695,0.00024199485778808594,0.010904014196232312,0.04527246268581383,0.0041798375635104515,0.04732530960152938,0.015739089668382136,0.06053513066591028,0.01660299301147461,0.9991905878773739,0.9955791826071237,0.998941017439055
38,3.006578201890168,2.32383302945379,0.08591794967651367,0.005491018295288086,0.00023603439331054688,0.00818764008898472,0.019594878585467955,0.0017569662205830132,0.004972507864264491,0.01373596188871937,0.0227282155625267,0.017042875289916992,1.003228949034641,1.0027610367597313,1.0050677143854643
39,5.614618308178656,2.567796418212827,0.08935976028442383,0.005474090576171875,0.0002357959747314453,0.01551852861452521,0.04715610122008794,0.0024232556926839705,0.007347021168115505,0.013314294577910247,0.06292748424315493,0.0178530216217041,1.006745208465625,1.0044303089064623,1.0135167830712393
40,6.6767040492411365,1.812773722880141,0.07837605476379395,0.0060558319091796875,0.00023984909057617188,0.009943234841858578,0.0689337062797164,0.002759064666931704,0.01365277278608326,0.014465687592691663,0.08312169198964908,0.019527912139892578,0.9928180410371688,1.0120071877203216,1.0035232837951893
41,8.158801808193743,1.3339458398154078,0.08881092071533203,0.005071878433227539,0.0002391338348388672,0.011972211652217577,0.040595818610555244,0.00783049376413911,0.030577512214716024,0.018393216550505864,0.07352457898340438,0.017747879028320312,1.0012568899610113,1.0122358122896358,1.043796813248322
42,0.3248495240252187,1.1800957215512835,0.28408002853393555,0.0065479278564453125,0.0002429485321044922,0.009692570971836258,0.028580063260111144,0.08205475862674161,0.05539321507726055,0.0178559624827873,0.05030542493362153,0.01590871810913086,0.99978308025658,1.0265413257630502,0.9997899775023594
43,7.251357570904858,1.9237544605027748,0.0847940444946289,0.005337715148925781,0.00024008750915527344,0.003686368144677325,0.06633838156410071,0.013025435788860883,0.02495381986021775,0.006970023948383886,0.08060134113910947,0.016587018966674805,0.9999010255501818,1.0275904645019527,1.0093130001722344
44,1.6965906124326577,2.002089550206727,0.09298276901245117,0.005530834197998047,0.0002338886260986328,0.004913095647545155,0.01746557233326428,0.027608288255597812,0.027638994497950365,0.009868169661350491,0.022659871622827267,0.01793813705444336,1.0005873420144062,1.047155244891767,1.0015825472541595
45,1.6078898168603675,2.392640750155472,0.23042583465576172,0.006665945053100586,0.00025391578674316406,0.005205278463304629,0.032225432783651614,0.004787107237048369,0.009100992315596938,0.005852907374921026,0.03449400851898116,0.0193941593170166,1.0007492937492628,1.002782967585689,1.0010879427446608
46,4.516947128182904,1.762042452192965,0.09415912628173828,0.005522012710571289,0.0002391338348388672,0.011754485098305407,0.031600771661677504,0.003073041110114408,0.010188376740831805,0.014575116645028315,0.046757441858310704,0.01857280731201172,0.9932295831462126,1.00874974956474,0.9983463905263623
47,3.084969682563978,2.260565186237777,0.08321166038513184,0.005090951919555664,0.00024175643920898438,0.012754955427174069,0.019563907061812456,0.011097908321030438,0.009874072310017433,0.015259314511082468,0.027660768430755517,0.019930124282836914,1.0047334417350624,1.0030531191155816,1.007656130973483
48,3.6819448444785654,1.175299838632202,0.1408839225769043,0.006304025650024414,0.0002338886260986328,0.010149028609571193,0.027063468029067353,0.010955689066436737,0.0322177663487515,0.019576887789297445,0.055248107837739834,0.01681995391845703,0.9996503650287983,1.0150319794303277,1.0147223178836273
49,1.2682584309931018,2.923795329099029,0.08892107009887695,0.005604743957519531,0.0002455711364746094,0.026877994251066822,0.04729634702143832,0.003668200522795566,0.00589168067636782,0.02416779013409865,0.06274738733286657,0.016984939575195312,0.999990014067802,1.0037351753001145,1.000852814467905
50,9.09494883800531,2.3994142676214993,0.07840609550476074,0.005316019058227539,0.0002460479736328125,0.0052046223601062355,0.07852564554633855,0.002259903671953221,0.013933181314271348,0.006051640095777545,0.09955557349310022,0.018921852111816406,1.0171431058402685,1.0024301227995518,1.0288896995221355
51,2.732112618449244,2.9383527546954475,0.0882418155670166,0.005957126617431641,0.0003199577331542969,0.019790254222268745,0.05033077342196809,0.007369697590097411,0.024116830152986546,0.019489602390739953,0.04817069663219962,0.017321109771728516,1.0002129381627765,1.003489817341493,1.0022500055058183
52,7.809633949261367,2.433780378317991,0.1025090217590332,0.007409811019897461,0.00025200843811035156,0.005691334034009469,0.0682324446240054,0.002396578172366205,0.01130258267031254,0.00882511965308869,0.08772090380532334,0.01792597770690918,1.0122386340099692,1.0027362851253403,1.0211392428532384
53,4.548678871223508,1.544483123690318,0.09857892990112305,0.006999969482421875,0.0002529621124267578,0.012468434732323149,0.02583443612865561,0.005631098427414549,0.014556102732373543,0.018118069129784878,0.04022527856621673,0.019017934799194336,0.9965700312903052,0.9965824927710566,1.005658598587943
54,1.054270525319643,2.8052047930876833,0.12316322326660156,0.005467891693115234,0.00024509429931640625,0.01769297884428268,0.03749677097479894,0.003018391526156729,0.012217062714307874,0.01784362752354463,0.04034074775749093,0.018253087997436523,1.0001391009774339,1.0032796958404915,1.00067456497992
55,4.61218526935275,1.4047267295904606,0.08995294570922852,0.0063550472259521484,0.0002410411834716797,0.00472539808606455,0.025450855567125952,0.007827359280978956,0.013743073854838939,0.010894849340832062,0.03275447262214286,0.017705917358398438,0.9974583078334045,1.0060748373410837,1.009089736462509
56,3.12897057909146,2.158439137883792,0.08743810653686523,0.0053827762603759766,0.00026702880859375,0.013956661232441126,0.0182718231287363,0.01519569556731098,0.009584829439741524,0.017259111923223974,0.024551867262967816,0.01817011833190918,1.005366028875641,0.9995260570663522,1.0092239482138152
57,1.850050551098394,2.7132285681847508,0.09004902839660645,0.005450010299682617,0.00024437904357910156,0.009366753677439834,0.029098855918000543,0.002301003095682108,0.006216927400679749,0.013309847237913525,0.03610430264078965,0.01597309112548828,1.000411103522295,1.0032312865971726,1.0012360104659264
58,7.60934334536858,2.4389259119018734,0.08687496185302734,0.0054018497467041016,0.0002319812774658203,0.005823358218050735,0.06818825893272971,0.0024308434865221917,0.011175283016788872,0.009228072626337621,0.08564612084694079,0.015543699264526367,1.0116102844843449,1.0027969696005128,1.0201582771992925
59,4.377721093773527,2.2546176814048864,0.08349919319152832,0.0053942203521728516,0.0002422332763671875,0.013258555855423456,0.02989241684126875,0.01325241541440248,0.008171310261510712,0.01533597156487045,0.040119681274350616,0.016918182373046875,1.0076993658010585,1.0029281794229472,1.0130607011267572
60,5.8825698922360825,2.2996932031096398,0.09095907211303711,0.005942821502685547,0.0002541542053222656,0.009765106059419378,0.05252879648249541,0.0057781605165049725,0.007159032881264562,0.015081967667452748,0.06974035050117416,0.01744222640991211,1.010272885616697,1.0027661718038279,1.017782132244514
61,0.935998779284902,1.8316148043412193,0.12493705749511719,0.005412101745605469,0.00023818016052246094,0.008105091073305926,0.020132792046649757,0.00527516763201374,0.02462116173954626,0.012896300817413915,0.02529413900950277,0.0172269344329834,0.9985498588298742,1.0141629463563206,0.9985336091666515
62,0.5119803212327355,1.9879816384890379,0.12693476676940918,0.005411863327026367,0.00023412704467773438,0.004192894746981008,0.023542717118046584,0.10047253691639368,0.10938621536108734,0.008130875035480807,0.0252104071877683,0.02150559425354004,1.0000555320445073,1.0691784674677907,1.0002233925583253
63,3.3656260020945745,1.2890483777320938,0.0805959701538086,0.005615949630737305,0.00023412704467773438,0.015208800021963504,0.018785924142207824,0.007857895567807853,0.025662679857433635,0.024622182589783603,0.04444831689012097,0.01976799964904785,0.998416701419051,1.0146789828506875,1.00644157933918
64,1.1236893804532613,2.175289144355424,0.12192082405090332,0.005357027053833008,0.0002357959747314453,0.014266537694211795,0.018047508114902876,0.0043658881174440875,0.013397958595185491,0.016794823770828356,0.02431886781162536,0.01967310905456543,1.001723090383564,1.0011635947774564,1.0026831062314792
65,1.7888703885151724,2.8502402367535944,0.09196710586547852,0.0052149295806884766,0.00023174285888671875,0.021528273033307187,0.037783434882461484,0.002740039601494154,0.013141368550405503,0.022874931081045078,0.050520471084660436,0.019577980041503906,1.0004185963933978,1.0036866962095503,1.0017212547439531
66,5.852505283033911,1.6937396090696741,0.0675501823425293,0.00461888313293457,0.00024890899658203125,0.006922669872408644,0.034397221697164214,0.005431583028307304,0.016060410696300542,0.008801397136521998,0.04733737347385125,0.02314901351928711,0.993343497186005,1.0029283654232302,1.0051003484518288
67,5.9500633656660264,1.045607742059395,0.20832204818725586,0.005881786346435547,0.00023698806762695312,0.010664689540031014,0.09123089354324651,0.0039773402043330915,0.025450686055134543,0.025583631956161333,0.19750227404406073,0.024637937545776367,1.0066272445406,1.0112880462093061,1.0812660979009037
68,9.58973621109031,1.9646068738858005,0.09838199615478516,0.006115913391113281,0.00023794174194335938,0.004352828214475281,0.06814857968147338,0.028441973853197845,0.04927160735585516,0.008516453677917866,0.07287915442443177,0.022022008895874023,1.0062260777454661,1.0430848384470417,1.0216793732862608
69,7.849078749777834,1.1654599998448771,0.06688499450683594,0.005005836486816406,0.0002529621124267578,0.008977773185119609,0.05496917839942956,0.012091577378398447,0.05254203936016709,0.017606878833626244,0.09518056532402393,0.02349376678466797,1.0057719012049784,1.0146212240909436,1.0743127694780685
70,4.917917475297788,1.9814139887090418,0.08698701858520508,0.005875825881958008,0.00025916099548339844,0.00465120653461203,0.01561973563247649,0.03418498654161677,0.01615200398760756,0.00928452105030916,0.020536676013874027,0.024138927459716797,1.0018947685135249,1.050658294499929,1.0069406451228766
71,9.38448190425233,2.1434561047521505,0.08035778999328613,0.005110025405883789,0.00025391578674316406,0.012953978518419333,0.037907371511745266,0.013373879275662786,0.03764181332003509,0.016765523862528647,0.051111038369061175,0.022196054458618164,1.0222040097849143,0.9986232124037857,1.0420566725670029
72,4.7875450704638425,1.5339513261837872,0.09977293014526367,0.0063059329986572266,0.0002429485321044922,0.012671439777309243,0.02556350964537225,0.006144851783979618,0.015798153985539055,0.018591007479521388,0.041600132306207675,0.02170705795288086,0.9966122207153711,0.9968198409848401,1.0069742677872906
73,3.382533073691267,2.0413448049430754,0.09965181350708008,0.005934953689575195,0.00023603439331054688,0.005749887476688455,0.01600941417583537,0.023624202008494594,0.019521757343016827,0.010736882086246013,0.0194893937762994,0.019659042358398438,1.0029803055006223,1.01352711122743,1.0064157862308494
74,4.445223457019963,1.0432241597606609,0.08024907112121582,0.0050890445709228516,0.00023698806762695312,0.011083767174590088,0.06159593510797344,0.0042697836857687466,0.025732679043786663,0.02649741931446952,0.1377479707302097,0.021983861923217773,1.0030081917966653,1.0112399358896176,1.0468397456527971
75,8.280290049524142,2.7923215436795337,0.07579302787780762,0.005994081497192383,0.0002338886260986328,0.017875482729422444,0.1218059018404025,0.0042175689120909216,0.014027735661436395,0.01722251905808146,0.16239917757951397,0.024713993072509766,1.0085177979188327,1.0028283602817034,1.0175187286093679
76,1.4884659810862466,2.108072287078099,0.0924978256225586,0.008632183074951172,0.00023603439331054688,0.009682574273234164,0.01529567841698382,0.003300487202602823,0.012259716190516011,0.014026311537306447,0.021720246550675337,0.018352031707763672,1.0019349906649426,1.0000995130886106,1.003303121389113
77,1.1748998372408912,2.3444801860796236,0.08875274658203125,0.005597114562988281,0.00023698806762695312,0.006992681967134834,0.02304770039789864,0.00842001225444311,0.013045577152738602,0.011303664369284105,0.033849540129496695,0.01860976219177246,1.0007108229582664,1.0028891401651083,1.0008991600682198
78,2.8842144600061825,2.3188452693838038,0.08035778999328613,0.006342172622680664,0.0002532005310058594,0.008463703229301314,0.02036962136624171,0.0020795926372441623,0.004995705637962596,0.014119976880896844,0.02382643945382735,0.018159866333007812,1.0031410714163052,1.0027985650222555,1.0048975399060356
79,7.297246681440138,2.537294983835314,0.08458113670349121,0.004542827606201172,0.00024890899658203125,0.0088313761996352,0.08166349117029276,0.003360542583038376,0.009229719095511596,0.007497023481855586,0.11085102731594766,0.016186952590942383,1.0110334842538307,1.003999493609788,1.0208377449576458
80,1.166635364963376,2.832023690275216,0.08936810493469238,0.0055468082427978516,0.00023984909057617188,0.018478090839133092,0.04391800593977048,0.002919850511248533,0.009626109168054528,0.02074534628545605,0.05529967034441547,0.016997098922729492,1.0001935471351797,1.0035857703226003,1.0009107576877065
81,2.37911850985932,1.0748251123523596,0.08665323257446289,0.005153656005859375,0.00024199485778808594,0.005771192042544742,0.03298706159695089,0.004406887738276187,0.014842275678059274,0.014939064682689166,0.041283141536031485,0.019371986389160156,0.9999231938068552,1.012995436891748,1.010581500887359
82,5.593039446975686,1.7418445677248775,0.08681106567382812,0.005674123764038086,0.00024175643920898438,0.011195969357067227,0.03806150649564175,0.0038617588248256855,0.012917805780492593,0.0133457867877585,0.05594871582561735,0.01938009262084961,0.992475711498621,1.0071293518048543,1.0015886313295999
83,8.31491845701089,2.6165029441286034,0.0884852409362793,0.0053119659423828125,0.00023865699768066406,0.02436004155692206,0.0866450904693277,0.0023586075154281515,0.012901508455852216,0.01995223924028237,0.11224633459755501,0.018755674362182617,1.0126650218284856,1.0044785705793362,1.0252432262640743
84,3.239675038944882,2.9057987901394897,0.08928322792053223,0.004785060882568359,0.00024390220642089844,0.031240693364174336,0.042523991920795076,0.005492102470605616,0.011365628565743439,0.02684151329046536,0.03994290634494215,0.0175018310546875,1.0009277810509989,1.0037400580735665,1.0038040542147517
85,2.9800865975871744,2.030114258463429,0.09444713592529297,0.005393028259277344,0.00023889541625976562,0.0054435910232280985,0.010998056048393266,0.027853961397161554,0.02015772902656513,0.010518638310826615,0.015447777901517168,0.016520977020263672,1.0021907400472259,1.0210409356056616,1.004893985827552
86,2.634054396619267,2.8720871400979266,0.08386397361755371,0.005343914031982422,0.00024509429931640625,0.026887895781134107,0.03473858388987093,0.004449354880311197,0.009722877248498345,0.025035119134449092,0.03697556838038002,0.017587900161743164,1.0008040483925178,1.0037926745523802,1.0030258690799065
87,1.7296173940619797,1.089821238784658,0.11517000198364258,0.005983114242553711,0.00025010108947753906,0.0035653332101721474,0.03017878911916857,0.005356898262868147,0.024346039159477837,0.01038367274848228,0.03919082495978581,0.01644611358642578,0.9996173416577081,1.0137252527422886,1.0047310207525215
88,4.407460894030076,2.9847511281116743,0.08412909507751465,0.005182981491088867,0.00024080276489257812,0.05626750296602014,0.1045900943985437,0.002302090076460495,0.02493512579258058,0.04918522616696213,0.1308112696877781,0.015380382537841797,0.9999511521751788,1.002863588385567,1.0024775827621064
89,8.927604935923648,2.4972160389138987,0.14478302001953125,0.00855112075805664,0.0002410411834716797,0.0056083325872434645,0.08731197690092769,0.0036560394027823047,0.01593241203391579,0.008010671331431964,0.11362212630457806,0.018360137939453125,1.0160744535057171,1.0034162134385667,1.028481680339484
90,8.918845659697396,2.786893279395726,0.18141388893127441,0.00625300407409668,0.0002410411834716797,0.017545111288888877,0.13373512204439647,0.004403155565335731,0.01598450781567918,0.016647857126403764,0.18028374007304954,0.018137693405151367,1.010056136096635,1.002763324200025,1.0200685250941168
91,5.236697767825846,1.631858103661586,0.08673596382141113,0.0053081512451171875,0.0002372264862060547,0.004459171425979929,0.040933603062168804,0.004560377372907112,0.016947106903753357,0.009006428223104051,0.049621119675296005,0.016721010208129883,0.9951301410523665,0.9981023824160481,1.005778309412647
92,7.742923077898782,2.323322526335522,0.10011625289916992,0.00551605224609375,0.00023603439331054688,0.008256006617345425,0.06311774520961481,0.0025499759966594237,0.00828059835763286,0.013813562719867507,0.08514219358062135,0.02041172981262207,1.015107484459552,1.002547292639477,1.026300666960787
93,3.7992115158497297,1.1889333361230305,0.07587409019470215,0.00448298454284668,0.00023794174194335938,0.011615311731725926,0.026389079047113375,0.010708021573442991,0.025257342181241097,0.02199205669485577,0.05786405599872928,0.019713878631591797,0.9995570678317109,1.01514055436027,1.014679350313107
94,7.493217152355357,1.5249210318457294,0.0874319076538086,0.004943132400512695,0.00024199485778808594,0.012685368386781757,0.057885575641204015,0.0065462740234462575,0.026273727093845532,0.018833734458164893,0.08333352048885036,0.018889188766479492,0.997369968711972,0.9971215857962128,1.024543493341772
95,9.374450190284415,1.4819411500113695,0.07274794578552246,0.0051288604736328125,0.00024080276489257812,0.01071033868468103,0.0889209644826963,0.00786804183979356,0.0358865285978433,0.017639177051414056,0.12855993271468355,0.018383026123046875,0.9999869958887622,0.9991811565947726,1.0441897240750524
96,1.3153035308737118,2.662225344249812,0.089691162109375,0.005471944808959961,0.0002357959747314453,0.02213215310852772,0.02119836895192844,0.003071521706870667,0.008838908144565357,0.017838369750262144,0.029737203943502093,0.019154787063598633,1.000375395852758,1.0043334931050039,1.000982454317117
97,1.6175147345824912,1.3585366163154782,0.07211923599243164,0.004582881927490234,0.00023984909057617188,0.00911577008619843,0.03539078830271632,0.0066708968713686525,0.032540156504398406,0.014328798513880405,0.043286756374463185,0.021783113479614258,0.9985939702627451,1.0112453544584246,0.999766338792713
98,6.033889636056351,2.749124081674929,0.06776809692382812,0.0045299530029296875,0.00024008750915527344,0.011501272724941577,0.0777496628130491,0.004582740058073508,0.005783222412561118,0.01362990612988562,0.1037611138125625,0.019260883331298828,1.0045077586411122,1.0027355404629146,1.0101204237680286
99,2.044703190574275,1.6206473458001895,0.08785104751586914,0.005295991897583008,0.00023818016052246094,0.0057334118192756325,0.01761424673902437,0.0037941879623247135,0.010922263611735712,0.010216152658911464,0.022647121677200416,0.019840002059936523,0.9974753376260393,0.997442386813392,0.998056505232073
100,7.796307898587658,2.943652852121935,0.0869910717010498,0.006499052047729492,0.00023794174194335938,0.016575861779647667,0.11234445490042802,0.008163551441609091,0.042776207842941436,0.017002703808248903,0.07998880658294172,0.01914072036743164,1.0052333598330798,1.00340919085427,1.0133835398814217
101,5.057337743403189,1.2877950051025016,0.0934898853302002,0.005276918411254883,0.00023889541625976562,0.015270598269293351,0.022314033455274513,0.008082343839383508,0.026596548897400568,0.02477133812318683,0.05256654661037025,0.018240928649902344,0.9989319606975491,1.0145345458526922,1.017648913261285
102,0.2379692483111953,1.4593120599977105,0.12328195571899414,0.005325794219970703,0.00023484230041503906,0.004703792223910844,0.029121213518072998,0.08571653665445526,0.06141511867951936,0.009763059403389323,0.04090863841388697,0.018082857131958008,0.9997290162151391,1.0054962341733213,0.9996350802081952
103,1.4050399560865583,2.355317347225715,0.07872295379638672,0.007742166519165039,0.00024199485778808594,0.00656139731379645,0.021498380671317777,0.006207556401644331,0.007812200617967958,0.009871369705850933,0.028641006638207712,0.016412973403930664,1.000813759011034,1.0027881049817433,1.001076809375918
104,1.3061417958224582,2.0126598632412662,0.08219218254089355,0.0054149627685546875,0.00024008750915527344,0.005019616639575296,0.014890004525900941,0.020624724761120095,0.03884207073738898,0.010008841936205732,0.021064221907798417,0.019309043884277344,1.0005555864355113,1.039357324242467,1.001288884911502
105,6.973198112864576,2.1622332184418047,0.08787989616394043,0.006158113479614258,0.00023889541625976562,0.014255993159541964,0.03172359314473712,0.017518133842826508,0.02004229411093484,0.017417786486648594,0.045083585688258036,0.01837015151977539,1.0150773637227626,0.9993271776276367,1.0277725042634662
106,2.0777789514345706,2.6082490523645254,0.0890040397644043,0.005589008331298828,0.00023889541625976562,0.023368936331298412,0.025900747436155867,0.0022055705484972654,0.010272106017607665,0.019380383633484963,0.035939929069755336,0.017635822296142578,1.0011862071065645,1.0048752373437853,1.0026527059584223
107,7.182530583196437,2.4779680078310835,0.08900094032287598,0.005242824554443359,0.0002372264862060547,0.00600398519574352,0.0777772012569469,0.003002414474341156,0.01141705546538106,0.009592040673086803,0.08939571698312902,0.01638484001159668,1.0104928905614634,1.0032758056971682,1.01883227480133
108,1.3974717404174013,1.2475076073006892,0.12160587310791016,0.0055501461029052734,0.00023698806762695312,0.015371995887023867,0.02012099760690637,0.005730093481763856,0.0331164674349403,0.02664333353357957,0.044140232400609214,0.019726991653442383,0.999092308206155,1.0160370461458803,1.0004029207455165
109,9.282869254964426,1.7951563876498813,0.08609986305236816,0.00490117073059082,0.000240325927734375,0.011020837370957505,0.05407912314158137,0.002685242003414325,0.027833599796532042,0.015047876793702418,0.08108470847515833,0.016945838928222656,0.992716284750673,1.010519339778491,1.0151174956245235
110,3.079392048631304,1.9771680907030666,0.08694601058959961,0.00539088249206543,0.0002391338348388672,0.004569549242325931,0.012922611104485867,0.03043328314385258,0.019297443192137657,0.009077382418481085,0.018741454191310687,0.016788959503173828,1.0005883859539535,1.0511236485217381,1.002833534895491
111,6.662355706359466,2.91124651409394,0.07523202896118164,0.005321979522705078,0.00023984909057617188,0.030720760430753676,0.1307127928873007,0.006134327705625913,0.006376817323534601,0.026614515621978765,0.13760717352479487,0.01947498321533203,1.0044530977684583,1.0037030791600805,1.011782465122091
112,2.9358176461323446,2.8496168586240542,0.08380794525146484,0.006617069244384766,0.00023794174194335938,0.021611439009166705,0.031956918483744524,0.0029473104016870338,0.010258329081081622,0.023022261783128814,0.03332341564449948,0.016881942749023438,1.0010495112754778,1.003628568388414,1.0034735228527047
113,0.34610896472393754,2.110396084653649,0.12531518936157227,0.0054209232330322266,0.00023818016052246094,0.005476296267997849,0.025345298728438024,0.08227658807862777,0.04807928782917919,0.008811184926864106,0.034638289129927814,0.016209125518798828,1.0004236548298528,1.0120573969526283,1.000675442710292
114,6.376353605642743,1.2117948075015066,0.15967106819152832,0.006376981735229492,0.00023794174194335938,0.013648459125395073,0.04814376285933463,0.010388013878438322,0.026183020722835897,0.025021110396308385,0.08823075974617517,0.014922380447387695,1.00161932175152,1.0150653683157025,1.040067012581634
115,1.4893620109327352,1.8382286386326077,0.08568501472473145,0.005525827407836914,0.00023698806762695312,0.00779933461469,0.018654855054592297,0.003351596951143395,0.012201613165317388,0.012626577821098005,0.025909206791003326,0.015098810195922852,0.9978590682151256,1.0146104523824537,0.9981010643095785
116,9.665695930217499,2.1920851064687454,0.08630800247192383,0.0055391788482666016,0.00023794174194335938,0.015406074268015556,0.07697793463641561,0.02134882175593307,0.030638137249769368,0.017277446326563882,0.09203729373410727,0.01587820053100586,1.0252349036271593,1.0005444015498164,1.046129326841958
117,9.336929893842091,2.6087218312259415,0.08563399314880371,0.0052700042724609375,0.000240325927734375,0.023516183316301086,0.11337789806985851,0.0022242580807848036,0.013084897980331004,0.01949013913185096,0.14917044982964794,0.01714468002319336,1.0161599601464357,1.0044336919119756,1.031260344163579
118,4.727077855397386,2.5695268985043747,0.08362293243408203,0.005671977996826172,0.00023603439331054688,0.015918169578590085,0.03410040028368754,0.0023637643182974977,0.005595505322115025,0.01366167176412289,0.042599273930233404,0.01802992820739746,1.0049949500151922,1.0044968745498073,1.0101738563873282
119,0.2765841613721786,1.2182879935314699,0.1281881332397461,0.005396842956542969,0.00023818016052246094,0.0117140797466965,0.045134262861158424,0.10210455039445346,0.06934497422986736,0.02096564031426712,0.059156306177173545,0.018142223358154297,0.9997900490282031,1.0315729500771267,0.999753397448812
120,8.31134328733909,2.5936341766503235,0.08233904838562012,0.00528717041015625,0.0002372264862060547,0.021129045284636862,0.12206185371471706,0.002000407487610996,0.012669279236883291,0.01787046389090482,0.15555179949197737,0.015197038650512695,1.0132723624891578,1.0044647941813367,1.025911266480766
121,2.4031433454676936,2.061539181198107,0.10153007507324219,0.0060040950775146484,0.0002429485321044922,0.006534605077150365,0.01182065165175397,0.01481479095330064,0.016544708977317257,0.01127446166133509,0.01610043815248209,0.015798091888427734,1.002391817589735,1.005804234881955,1.0046478446724323
122,6.099556624930108,2.7354779075520224,0.10998082160949707,0.005424976348876953,0.00023818016052246094,0.008923868732302194,0.06253727966891232,0.004214153241395645,0.005807692254323179,0.013168265804831021,0.08406027760073258,0.01688694953918457,1.0047370073560835,1.0028067200964406,1.0105746991749296
123,6.070760857653385,1.8251431385473607,0.07774901390075684,0.005383968353271484,0.00024008750915527344,0.009023914545760424,0.0628032116242214,0.003019972317767563,0.011905659977061844,0.013754106848224324,0.07277592579839587,0.016175031661987305,0.9935036318397658,1.0129690564083738,1.0019232241773015
124,3.804422029731109,1.8517641727470198,0.0849761962890625,0.005267143249511719,0.00023889541625976562,0.0068158890664774055,0.025837409686905375,0.003411841847358052,0.00905868904377191,0.011578569989424756,0.029525354846806,0.01624321937561035,0.9958592128005515,1.0155350206749931,0.9987805601197569
125,6.554117153241744,2.7349812635046495,0.09079122543334961,0.005151987075805664,0.00023674964904785156,0.008837552344924596,0.07541176528141386,0.004154381801667981,0.006829818763581471,0.01316017096725411,0.09923444104429446,0.04758095741271973,1.0055357860492946,1.0027963303193181,1.012119050002804
126,4.593579132555368,1.4956791259027162,0.10262608528137207,0.007882833480834961,0.00024175643920898438,0.01167176490772271,0.017742074267109397,0.0075026045232142085,0.018416868609173357,0.018406487231670113,0.03488827476329307,0.022493839263916016,0.9969007033485086,0.9983526573348827,1.0068882923856923
127,2.4429573936760534,2.492028560486893,0.08625483512878418,0.007005929946899414,0.00023818016052246094,0.005637731639316083,0.01673066696268353,0.0032301996712282297,0.0043273609832078916,0.008460467365926417,0.022077221496691862,0.02257084846496582,1.0016338905199236,1.0037211578162595,1.003076166716939
128,8.184030757896712,1.21055615970825,0.08701896667480469,0.004953861236572266,0.00023794174194335938,0.013550579754380556,0.0646467159362159,0.01095979861594135,0.034924575164503466,0.024897227901547605,0.1160175346933364,0.02224588394165039,1.00486527183219,1.014927858190022,1.067157927446971
129,0.7589326838562638,2.1888673275129036,0.12148213386535645,0.005505800247192383,0.0002391338348388672,0.01383268118677949,0.022862501668465506,0.018552256857862732,0.02541777260157508,0.015655976774250804,0.028700088204089952,0.019433975219726562,1.0011346996305643,1.002847366014098,1.0017075879764878
130,1.5471151175077131,2.6493283809126824,0.09017705917358398,0.00556182861328125,0.00023508071899414062,0.02402332685315969,0.02461851571119505,0.0030557132807927045,0.0086139201766955,0.019081277228321356,0.032224777560747576,0.02129507064819336,1.0005590097761148,1.0045425851747984,1.0013860316512182
131,3.172313271848337,1.2877438659422853,0.07530808448791504,0.005219697952270508,0.00023818016052246094,0.015255635655090862,0.018980031264096277,0.00782340887910799,0.025698601860753068,0.024749323653064533,0.04428733002777009,0.019999980926513672,0.9984287478060845,1.0147419257679111,1.0055350221250634
132,9.217607677625757,1.3310634454705563,0.08671879768371582,0.004996299743652344,0.00025391578674316406,0.012262926059733767,0.04302698569785704,0.00785198959900268,0.03407881346136611,0.018863106686780793,0.08461895857206989,0.0183107852935791,1.0031958319706302,1.0123415201231043,1.0573566977926236
133,2.918728815145562,1.3072267903841173,0.08670520782470703,0.005202054977416992,0.00025081634521484375,0.014229450426657719,0.016584331993347037,0.007638330921449358,0.02584151080225427,0.022422612232265923,0.041073918337900826,0.018369674682617188,0.9983013175061967,1.0141317750026113,1.0038704368938935
134,1.2433516302870142,1.04229603267288,0.08823108673095703,0.005074977874755859,0.0002560615539550781,0.011159245346066944,0.028928950301684297,0.006316473188937682,0.029929915440324202,0.026780959286436833,0.046725408119344856,0.018736839294433594,0.9997273853883465,1.0117908328074225,1.0033239657557138
135,0.6484145507261752,1.3492829418717054,0.1279458999633789,0.0057599544525146484,0.00024700164794921875,0.00974783851951877,0.026559166180075543,0.005536518672118954,0.028262280409564376,0.01506997067007812,0.041626357599116925,0.016571760177612305,0.999364505793153,1.0147699690709404,0.9993811722928332
136,0.6284811330090364,2.1822876322219424,0.12395215034484863,0.005596160888671875,0.00023674964904785156,0.013000413454213478,0.021918654458086387,0.03609674645292488,0.037257141651243345,0.015044756588944537,0.030556075341459876,0.015310049057006836,1.0009334064209676,1.003481517142307,1.0014024319274388
137,6.839073815315113,1.7872609136640565,0.08163881301879883,0.005445718765258789,0.00023293495178222656,0.011359730508744411,0.06379154330227103,0.0026523847256387503,0.015065460537813564,0.015121262901287997,0.08330189703473986,0.015358924865722656,0.9920340471064248,1.0102782291311716,1.0043804541610906
138,3.2481118598252894,2.00905247404446,0.07457304000854492,0.0055789947509765625,0.0002560615539550781,0.0050631354198364615,0.010397695618698091,0.0349025359799198,0.020880957491178524,0.010140288580851711,0.015452620144965313,0.016022920608520508,1.0017543729464915,1.0393598789832295,1.004566891703953
139,8.762548928122625,2.702263253644412,0.09255504608154297,0.005203962326049805,0.0002560615539550781,0.012119954243100675,0.09407946784777414,0.0027783863130561594,0.015012722348413943,0.013977235487374536,0.12477278354928532,0.01757192611694336,1.0112193753276792,1.0031179471623464,1.0228397928955628
140,0.5304031139266403,1.3629968191930482,0.12244987487792969,0.005278825759887695,0.00025582313537597656,0.007941530579470809,0.023730075890221636,0.009628384171314683,0.03127654597633851,0.012712830280383757,0.03717762900239759,0.015327930450439453,0.9994600521521504,1.0148341463324686,0.9994179360468811
141,2.4437742239335205,1.4987751516644237,0.18534207344055176,0.0069980621337890625,0.0002608299255371094,0.011810151099809311,0.02067762972963623,0.006999265840410871,0.017693473168460514,0.018473886641228208,0.03172502644837511,0.017492055892944336,0.9977422892834703,0.9982044822801157,0.9999530912650353
142,5.75520325225345,1.8325248514063845,0.08499813079833984,0.00562596321105957,0.00023674964904785156,0.008417104996074223,0.05813887006317764,0.0030862910355866258,0.011402317755754007,0.013227496468066261,0.06618960198278395,0.01604008674621582,0.9939480998380761,1.0135771817434884,1.0013084464100734
143,0.5876157872831805,1.7472282769191432,0.1238410472869873,0.005342960357666016,0.00023412704467773438,0.010807924909272579,0.022033702849629525,0.004245034344951267,0.025670612006513435,0.012935804434882956,0.031922720906241875,0.01723504066467285,0.9988708703617,1.0072069672400246,0.9985381569265067
144,5.285154192304609,1.203343805807432,0.08208799362182617,0.005439281463623047,0.0002460479736328125,0.012966643855675655,0.03732946336808836,0.010585015773257466,0.02602829979701995,0.024063433485419224,0.07270995130252704,0.014798164367675781,1.000483705931881,1.015109785615487,1.028005135175665
145,8.35123968250674,1.1039237329302085,0.09588074684143066,0.0056951045989990234,0.00026488304138183594,0.002390087313748917,0.03923772099345401,0.009509311974266006,0.047583634347973705,0.0077293654328195694,0.10548395440104762,0.0160980224609375,1.0104737823515084,1.0134958984185514,1.1116264531191935
146,9.255934503278816,1.198226283159751,0.0842599868774414,0.004765033721923828,0.000244140625,0.012514214836981185,0.07204591099707905,0.011471003924026415,0.04590269107208397,0.02340147109380031,0.132476901406993,0.015691757202148438,1.007998279048527,1.0147906115174663,1.0900821473996007
147,8.451392020817753,2.805306287855234,0.09468388557434082,0.006387948989868164,0.00023794174194335938,0.018300657185808412,0.10082400819415477,0.0033833204729587004,0.013077020715235747,0.018650311514427205,0.13561775533860573,0.014966011047363281,1.0088266709235414,1.0029688045499863,1.018166433020862
148,9.797749737807267,2.604051760547187,0.09557914733886719,0.02492499351501465,0.00025010108947753906,0.02288470653101777,0.12813638891762594,0.002143824271574662,0.016617455217528013,0.019088630982647795,0.16484197350417168,0.01659703254699707,1.017934162032026,1.004403532426112,1.0341965205063948
149,7.816827653636157,2.2849665519910953,0.0884089469909668,0.00595402717590332,0.00024390220642089844,0.010895015963364413,0.07825904509143766,0.008279191946109784,0.010022976100025519,0.015309294335462577,0.10467646811132585,0.01619887351989746,1.016971332101414,1.0027418196930595,1.030044407355921
