idx,mu0,mu1,fom_time_s,pinn_time_s,pinn_rel_l2_u,pinn_rel_l2_p,pinn_rel_h1_u
0,7.762164880704037,1.8777568795041046,0.11192011833190918,0.02472209930419922,0.9435531157404922,1.0610863383262403,0.8336834170104902
1,8.600119407122687,2.3947360581187276,0.0863800048828125,0.026298999786376953,1.3532484474674145,1.017722238321951,1.127890587698293
2,1.0323557440877305,2.951244703273512,0.13267016410827637,0.02849102020263672,0.9888895905503974,1.0090699837912824,0.9835699311642983
3,7.635283049704495,2.5721286105539076,0.08434581756591797,0.026137113571166992,1.3842051837288212,0.9991513556743424,1.1344934648781968
4,1.3683249634879042,1.9007718757911343,0.0850071907043457,0.02781391143798828,0.9178282947273645,1.091484072493155,0.9273289345312451
5,3.7709004399025545,2.8535299776972036,0.16335797309875488,0.030189037322998047,1.116290416730687,0.9989792358625398,1.0051434725117507
6,6.474264688798579,2.64552322654166,0.08531403541564941,0.028414011001586914,1.316161056924527,0.994606901904583,1.088364426289532
7,4.489800568390578,1.4544774435695538,0.08813214302062988,0.0259091854095459,0.7453715706736562,0.6997202523324294,0.7512863433089608
8,5.590389391456765,1.1276345122083506,0.08526396751403809,0.02568507194519043,0.6064116828149413,0.6663053270232046,0.7363161249999797
9,8.293548602726563,2.26332879824413,0.08421683311462402,0.028529882431030273,1.1618083674474025,1.0832853394926207,0.9986043531447829
10,7.605068626845201,1.7090519362597367,0.08844518661499023,0.025256872177124023,1.0069589040413167,0.9159215306720537,0.843426984439976
11,9.709910441509543,2.7862422426443954,0.08889508247375488,0.02317190170288086,1.79448533960687,0.9948769543504158,1.3255776139188322
12,7.805996621030243,1.3892774157039351,0.09471988677978516,0.03024005889892578,0.5670016351026187,0.6420073498373191,0.6107479952898704
13,4.720537936897639,1.0876075315744576,0.07053899765014648,0.021199941635131836,0.6607839996740097,0.6626094369950666,0.7948557805399162
14,1.6274659714687236,2.3660979064849093,0.0887899398803711,0.026999235153198242,0.9280564145587615,1.0238622925200667,0.9394739026622769
15,7.47314534348739,2.93501946486842,0.08127593994140625,0.026443004608154297,1.5778889608157483,1.008309378601568,1.202041521104595
16,3.3256710455677045,1.7409194120697378,0.08974695205688477,0.030263900756835938,0.857438179093499,0.9503809931714237,0.8219935153725303
17,4.748602531630499,1.3789427181685714,0.08939814567565918,0.02884984016418457,0.6493642061301012,0.6361762719290565,0.6933610080804204
18,1.3862229028211692,1.9514098524518675,0.12300610542297363,0.03130316734313965,0.9218103899788086,1.2499786751196353,0.9290327415151057
19,2.3464025556037527,2.3396279893650207,0.08415818214416504,0.02717900276184082,0.912684199796828,1.0317262448014977,0.9186789686589318
20,4.427803996836074,2.665356392115675,0.0851430892944336,0.029383182525634766,1.127795884992537,0.9940358642846193,0.9942115269684422
21,7.032624509822266,1.6247332827640821,0.24398589134216309,0.025284290313720703,0.9436261131946094,0.8258720394097109,0.8269872132417077
22,8.339372033812491,2.609528714993604,0.08992791175842285,0.02633976936340332,1.4951096729409945,0.996536796276463,1.1931193259120358
23,3.9360359523987274,1.5766562078604882,0.08634090423583984,0.031038999557495117,0.8553977612472595,0.7915522614769908,0.814119814827015
24,6.856705489352257,1.2795049672186196,0.0887911319732666,0.02674579620361328,0.4589909161197104,0.6471813881882651,0.5589335615384959
25,2.0790912045035723,1.014724539502011,0.07291483879089355,0.02278614044189453,0.8015036713542248,0.6749799250154042,0.8701141412466405
26,7.89055133727117,2.3297017131840643,0.08788609504699707,0.02438497543334961,1.21830336840518,1.0353334030242587,1.0466200624361195
27,7.081137248400718,2.561458062043936,0.10250997543334961,0.022408008575439453,1.317479196710372,0.9999335601201687,1.0991003204333325
28,4.643266177829566,2.1374823919057873,0.08869409561157227,0.027802228927612305,0.8716903958882678,1.200090493793743,0.8385777117824873
29,1.4839902814638088,1.2290601470719469,0.21916890144348145,0.03071904182434082,0.8653244056085785,0.6651139401068504,0.8705148768895505
30,6.7171893217256695,1.942192412286265,0.07998180389404297,0.034219980239868164,0.8861758033629401,1.2078181453266834,0.8255663976526411
31,5.69583745416377,2.529997714832051,0.08414793014526367,0.024799108505249023,1.164056270178747,1.0023464664994368,1.023614903300856
32,6.383711368005849,2.1071588013159914,0.07128500938415527,0.026727914810180664,0.9002225658892611,1.2173783075069422,0.8325471079072868
33,5.636150891379594,1.6079001961252244,0.08653426170349121,0.023405075073242188,0.885103840451878,0.8123739193133938,0.8053184914884274
34,0.40509656222260015,1.8734347784647247,0.11360311508178711,0.026373863220214844,0.9716875079930616,1.0527838966735623,0.9755760856921792
35,2.224388260913339,1.8170572874492723,0.08308601379394531,0.024873018264770508,0.8708705163899122,1.0125845193556948,0.8752996417953897
36,8.548690425354845,1.4678789717306815,0.08727812767028809,0.025968313217163086,0.7618273287322881,0.7147074799523744,0.7144255568984638
37,0.6771971427217536,1.562767784043993,0.1264328956604004,0.022983074188232422,0.9593199018800511,0.7845588693896784,0.9535385713059815
38,3.006578201890168,2.32383302945379,0.08591794967651367,0.02580094337463379,0.9107351873015361,1.0381046560178655,0.9064987752132526
39,5.614618308178656,2.567796418212827,0.08935976028442383,0.021867036819458008,1.1795709769163107,0.9995182829153296,1.0258095756394574
40,6.6767040492411365,1.812773722880141,0.07837605476379395,0.022855281829833984,0.9160150618560515,1.0097176883401908,0.8147963411771685
41,8.158801808193743,1.3339458398154078,0.08881092071533203,0.033197879791259766,0.45491753587585926,0.6292467396572176,0.5516718921437914
42,0.3248495240252187,1.1800957215512835,0.28408002853393555,0.022193193435668945,0.9700807800314386,0.6554326469929713,0.9699266382088482
43,7.251357570904858,1.9237544605027748,0.0847940444946289,0.03494095802307129,0.907172801161753,1.142374268956094,0.8287803066803431
44,1.6965906124326577,2.002089550206727,0.09298276901245117,0.03744077682495117,0.9105857016786227,1.5109573610955072,0.9148622752003426
45,1.6078898168603675,2.392640750155472,0.23042583465576172,0.03654289245605469,0.9346594320222971,1.0183681136034288,0.9452689107521917
46,4.516947128182904,1.762042452192965,0.09415912628173828,0.03339695930480957,0.8575827030742156,0.9707179347405278,0.8026538734871045
47,3.084969682563978,2.260565186237777,0.08321166038513184,0.030124902725219727,0.8936783922319325,1.086532442563707,0.8835976572643119
48,3.6819448444785654,1.175299838632202,0.1408839225769043,0.02638530731201172,0.6893589353657256,0.6704710238449367,0.7239234898459799
49,1.2682584309931018,2.923795329099029,0.08892107009887695,0.028577089309692383,0.9910601271746986,1.0062677298001352,0.9808993039517875
50,9.09494883800531,2.3994142676214993,0.07840609550476074,0.03283882141113281,1.4080482068876148,1.0168893344144412,1.1579105885668346
51,2.732112618449244,2.9383527546954475,0.0882418155670166,0.031652212142944336,1.0529908324919417,1.0082842079170613,0.9912595828644597
52,7.809633949261367,2.433780378317991,0.1025090217590332,0.02625894546508789,1.3002222469838298,1.0120241007696391,1.1016095955958178
53,4.548678871223508,1.544483123690318,0.09857892990112305,0.02538585662841797,0.8318105429052465,0.7726230521898723,0.7942311233413558
54,1.054270525319643,2.8052047930876833,0.12316322326660156,0.0462498664855957,0.9859316327317714,0.9952491569460461,0.977165429927088
55,4.61218526935275,1.4047267295904606,0.08995294570922852,0.0540311336517334,0.6840553624217329,0.6527089042854144,0.7158210807001627
56,3.12897057909146,2.158439137883792,0.08743810653686523,0.03309202194213867,0.875060747377141,1.192774712929766,0.8642989492134634
57,1.850050551098394,2.7132285681847508,0.09004902839660645,0.028795957565307617,0.9909013411415464,0.9937853608782713,0.9588871006409005
58,7.60934334536858,2.4389259119018734,0.08687496185302734,0.02752208709716797,1.2837526154690777,1.0113900095938662,1.0929787132605484
59,4.377721093773527,2.2546176814048864,0.08349919319152832,0.023261070251464844,0.9137562088360446,1.0936111453834758,0.8777036257094186
60,5.8825698922360825,2.2996932031096398,0.09095907211303711,0.0246427059173584,1.0203618005976693,1.0514105086037848,0.9357072671422395
61,0.935998779284902,1.8316148043412193,0.12493705749511719,0.022459983825683594,0.9350444612177972,1.022635195426417,0.9416642179990313
62,0.5119803212327355,1.9879816384890379,0.12693476676940918,0.022496938705444336,0.968952331864532,1.4339334974964684,0.9716449392196166
63,3.3656260020945745,1.2890483777320938,0.0805959701538086,0.024475812911987305,0.7032787324989188,0.6447068902997499,0.7358277344993019
64,1.1236893804532613,2.175289144355424,0.12192082405090332,0.02332782745361328,0.9352776788156205,1.1831945656024274,0.9372521728473897
65,1.7888703885151724,2.8502402367535944,0.09196710586547852,0.024917125701904297,1.0004131491972483,0.9984790363277173,0.97573862108285
66,5.852505283033911,1.6937396090696741,0.0675501823425293,0.021918058395385742,0.9149681241802918,0.8973524916364387,0.8072985385503695
67,5.9500633656660264,1.045607742059395,0.20832204818725586,0.02606821060180664,0.7109610785738356,0.6644897181792575,0.9826920494908324
68,9.58973621109031,1.9646068738858005,0.09838199615478516,0.023406267166137695,1.0105508742806069,1.330652269591558,0.8618701653280895
69,7.849078749777834,1.1654599998448771,0.06688499450683594,0.020684003829956055,0.5301217827447985,0.6691664203890151,0.7194060868038047
70,4.917917475297788,1.9814139887090418,0.08698701858520508,0.02183818817138672,0.8526793243411668,1.4427065136688715,0.8308780758884956
71,9.38448190425233,2.1434561047521505,0.08035778999328613,0.021983861923217773,1.0769490437974727,1.1978274278756351,0.9171546085860859
72,4.7875450704638425,1.5339513261837872,0.09977293014526367,0.021404027938842773,0.8218809309345667,0.766055678872141,0.7859403248554627
73,3.382533073691267,2.0413448049430754,0.09965181350708008,0.0225982666015625,0.8629701323770144,1.3738266377460782,0.8551392936602025
74,4.445223457019963,1.0432241597606609,0.08024907112121582,0.024835824966430664,0.6964474361153459,0.6652087428693882,0.8754336541510006
75,8.280290049524142,2.7923215436795337,0.07579302787780762,0.02759075164794922,1.6091800097047617,0.9951078708007529,1.2261090318562917
76,1.4884659810862466,2.108072287078099,0.0924978256225586,0.025146961212158203,0.9189417927756793,1.2146616857358232,0.9197863403851866
77,1.1748998372408912,2.3444801860796236,0.08875274658203125,0.02354598045349121,0.9374209255017848,1.0298351550598737,0.9481875459873447
78,2.8842144600061825,2.3188452693838038,0.08035778999328613,0.026823997497558594,0.907835865216371,1.0404628955167263,0.9053043422291579
79,7.297246681440138,2.537294983835314,0.08458113670349121,0.02377915382385254,1.3212738663222359,1.001714281163336,1.1049566207994403
80,1.166635364963376,2.832023690275216,0.08936810493469238,0.021379709243774414,0.9875875687637283,0.9967647553415413,0.9776079721553198
81,2.37911850985932,1.0748251123523596,0.08665323257446289,0.027912139892578125,0.7885315745157305,0.6627900051721689,0.8313332461125071
82,5.593039446975686,1.7418445677248775,0.08681106567382812,0.024322032928466797,0.8949852178064107,0.951577155672933,0.8002920786853834
83,8.31491845701089,2.6165029441286034,0.0884852409362793,0.022304058074951172,1.4988018713312905,0.9960901229203136,1.1944777482856719
84,3.239675038944882,2.9057987901394897,0.08928322792053223,0.02244281768798828,1.0836640460619542,1.0046849094808767,0.9978273874953336
85,2.9800865975871744,2.030114258463429,0.09444713592529297,0.020926952362060547,0.8703162435053675,1.4255561157496193,0.8670193877751731
86,2.634054396619267,2.8720871400979266,0.08386397361755371,0.028276920318603516,1.0387284260525518,1.000804692671434,0.9832939398647454
87,1.7296173940619797,1.089821238784658,0.11517000198364258,0.02706003189086914,0.8415601698417833,0.6632571507632536,0.8611490677330346
88,4.407460894030076,2.9847511281116743,0.08412909507751465,0.027998924255371094,1.2106364175368085,1.012993120928677,1.0494899807800262
89,8.927604935923648,2.4972160389138987,0.14478302001953125,0.021394014358520508,1.4596597082058627,1.0049953299242618,1.1871104470380798
90,8.918845659697396,2.786893279395726,0.18141388893127441,0.02506089210510254,1.6908820752771427,0.9949177660510524,1.269877536020153
91,5.236697767825846,1.631858103661586,0.08673596382141113,0.02367115020751953,0.8868414844319136,0.8309808727507821,0.8068529408358678
92,7.742923077898782,2.323322526335522,0.10011625289916992,0.02553582191467285,1.196801615189353,1.0381352518613947,1.0336095833071297
93,3.7992115158497297,1.1889333361230305,0.07587409019470215,0.02648329734802246,0.6780863142891753,0.6702372086421232,0.7123231170771294
94,7.493217152355357,1.5249210318457294,0.0874319076538086,0.02092123031616211,0.8445233747708151,0.7614907298686684,0.7721632254328592
95,9.374450190284415,1.4819411500113695,0.07274794578552246,0.022359609603881836,0.8235181197686098,0.7284650291480019,0.7474227101673734
96,1.3153035308737118,2.662225344249812,0.089691162109375,0.021183252334594727,0.9773580206259965,0.9939062646042222,0.9603022339229436
97,1.6175147345824912,1.3585366163154782,0.07211923599243164,0.023274898529052734,0.8605123470559914,0.6297414800846307,0.874204006064219
98,6.033889636056351,2.749124081674929,0.06776809692382812,0.02221512794494629,1.3246676837318412,0.9941864131451997,1.0867693318785712
99,2.044703190574275,1.6206473458001895,0.08785104751586914,0.02827596664428711,0.9012165906034401,0.8206954631930191,0.876247067098534
100,7.796307898587658,2.943652852121935,0.0869910717010498,0.024159908294677734,1.62875812885314,1.0092817676769341,1.2264400652630125
101,5.057337743403189,1.2877950051025016,0.0934898853302002,0.02547597885131836,0.571989417447662,0.6444978375966437,0.6332830343682472
102,0.2379692483111953,1.4593120599977105,0.12328195571899414,0.02596902847290039,0.9821652710160524,0.7226275844266155,0.9823451168311458
103,1.4050399560865583,2.355317347225715,0.07872295379638672,0.022881031036376953,0.9314450682052428,1.0266305325216367,0.9429746518554432
104,1.3061417958224582,2.0126598632412662,0.08219218254089355,0.026315927505493164,0.9279301811625067,1.493031676072318,0.9316717064214164
105,6.973198112864576,2.1622332184418047,0.08787989616394043,0.02500605583190918,0.9577991925039575,1.1916662128273658,0.8655886734451752
106,2.0777789514345706,2.6082490523645254,0.0890040397644043,0.024899721145629883,0.9801566263879733,0.9966510209230985,0.9499473216584338
107,7.182530583196437,2.4779680078310835,0.08900094032287598,0.025265932083129883,1.2674819098501073,1.0069932113582654,1.0831661266720938
108,1.3974717404174013,1.2475076073006892,0.12160587310791016,0.020628929138183594,0.8726170365867624,0.6599930917274052,0.8785176167727111
109,9.282869254964426,1.7951563876498813,0.08609986305236816,0.019017934799194336,1.0998561355022158,0.9974480321056431,0.8790721499550547
110,3.079392048631304,1.9771680907030666,0.08694601058959961,0.02631092071533203,0.8659795505212143,1.4150808968162176,0.8671130059717
111,6.662355706359466,2.91124651409394,0.07523202896118164,0.025048017501831055,1.4538474178146101,1.005553374046379,1.1446170491736265
112,2.9358176461323446,2.8496168586240542,0.08380794525146484,0.024908065795898438,1.0544025090562468,0.9985687793006515,0.9857157525306914
113,0.34610896472393754,2.110396084653649,0.12531518936157227,0.021697044372558594,0.9782672694921751,1.1819476547570953,0.9791919166164446
114,6.376353605642743,1.2117948075015066,0.15967106819152832,0.03218579292297363,0.5091588345879207,0.6672087768408184,0.6073966800079309
115,1.4893620109327352,1.8382286386326077,0.08568501472473145,0.027108192443847656,0.9044914726629529,1.0272202999530982,0.913274013150131
116,9.665695930217499,2.1920851064687454,0.08630800247192383,0.025897979736328125,1.1602006506131421,1.1723739952329801,0.9761883808690104
117,9.336929893842091,2.6087218312259415,0.08563399314880371,0.02828502655029297,1.6101447560367679,0.9965624668816335,1.2612479796818525
118,4.727077855397386,2.5695268985043747,0.08362293243408203,0.026269912719726562,1.1060521883082717,0.9994128573226977,0.9907000524874835
119,0.2765841613721786,1.2182879935314699,0.1281881332397461,0.026009082794189453,0.9745034255397711,0.6528592498248871,0.974615518236391
120,8.31134328733909,2.5936341766503235,0.08233904838562012,0.021667957305908203,1.4772981661979223,0.9976154366498025,1.1846996999019366
121,2.4031433454676936,2.061539181198107,0.10153007507324219,0.024099111557006836,0.8856758424414429,1.297896675376613,0.8839936587355293
122,6.099556624930108,2.7354779075520224,0.10998082160949707,0.024427175521850586,1.3277027415623417,0.9939933386409643,1.0887277493832954
123,6.070760857653385,1.8251431385473607,0.07774901390075684,0.023971080780029297,0.8840045418849231,1.0181654602438213,0.8112331292115538
124,3.804422029731109,1.8517641727470198,0.0849761962890625,0.025346040725708008,0.8408493020114813,1.037388739392117,0.835431555628924
125,6.554117153241744,2.7349812635046495,0.09079122543334961,0.02303791046142578,1.3801537375288382,0.9939731150705919,1.1152038724670243
126,4.593579132555368,1.4956791259027162,0.10262608528137207,0.02613687515258789,0.7872889599936473,0.7378163726649973,0.7713550170908186
127,2.4429573936760534,2.492028560486893,0.08625483512878418,0.026751995086669922,0.9623666973183232,1.0057692284744442,0.9475460758429755
128,8.184030757896712,1.21055615970825,0.08701896667480469,0.02283000946044922,0.46025198303067805,0.6670096118311186,0.6218300081504365
129,0.7589326838562638,2.1888673275129036,0.12148213386535645,0.024218082427978516,0.9537843584101235,1.17163966239226,0.9559494902563266
130,1.5471151175077131,2.6493283809126824,0.09017705917358398,0.020888090133666992,0.9776533869874287,0.9943735627949661,0.9561017240757952
131,3.172313271848337,1.2877438659422853,0.07530808448791504,0.0190279483795166,0.7191613655718985,0.6453063372567952,0.7487474858520037
132,9.217607677625757,1.3310634454705563,0.08671879768371582,0.02726292610168457,0.44544737255114714,0.6296675360650446,0.5485428612699152
133,2.918728815145562,1.3072267903841173,0.08670520782470703,0.024744033813476562,0.7425294472158265,0.6378471376455341,0.7706769493479575
134,1.2433516302870142,1.04229603267288,0.08823108673095703,0.02093815803527832,0.8765044428921518,0.6654468302508696,0.8987722666412759
135,0.6484145507261752,1.3492829418717054,0.1279458999633789,0.022198915481567383,0.9422605078952123,0.6226067605610432,0.9470094939336952
136,0.6284811330090364,2.1822876322219424,0.12395215034484863,0.02752089500427246,0.9610686720599044,1.1748316717111011,0.9629715331243035
137,6.839073815315113,1.7872609136640565,0.08163881301879883,0.025154829025268555,0.9365515144950516,0.9915274514463206,0.8156480230945261
138,3.2481118598252894,2.00905247404446,0.07457304000854492,0.021772146224975586,0.8642923567861622,1.5072952596176774,0.8608519378928093
139,8.762548928122625,2.702263253644412,0.09255504608154297,0.02665996551513672,1.6331492188384826,0.9936171998420621,1.2602961082918154
140,0.5304031139266403,1.3629968191930482,0.12244987487792969,0.022886037826538086,0.9533577694370262,0.6213401458017532,0.957112336705754
141,2.4437742239335205,1.4987751516644237,0.18534207344055176,0.022223234176635742,0.8577638361760832,0.739611868978501,0.8513955822343268
142,5.75520325225345,1.8325248514063845,0.08499813079833984,0.02544879913330078,0.8704566937453035,1.0232645130512512,0.811614005083789
143,0.5876157872831805,1.7472282769191432,0.1238410472869873,0.024817943572998047,0.9581442800287271,0.9593492404693935,0.9563204264782954
144,5.285154192304609,1.203343805807432,0.08208799362182617,0.020248889923095703,0.5730040865822006,0.6686277417070254,0.6404818888608143
145,8.35123968250674,1.1039237329302085,0.09588074684143066,0.022966861724853516,0.6775991313340797,0.6635316399559911,0.9786985985585099
146,9.255934503278816,1.198226283159751,0.0842599868774414,0.024092912673950195,0.490622245714142,0.6683634750768054,0.699229786336046
147,8.451392020817753,2.805306287855234,0.09468388557434082,0.02273416519165039,1.6338575383652776,0.9956121778456298,1.2369761046423486
148,9.797749737807267,2.604051760547187,0.09557914733886719,0.019422054290771484,1.65928685570909,0.9968604993031334,1.2912617961973567
149,7.816827653636157,2.2849665519910953,0.0884089469909668,0.022458791732788086,1.152899396834671,1.0623080339758466,0.9998655002529608
